{"_runtime":631.430743712,"_step":99999,"loss":0.42850691080093384,"_wandb":{"runtime":631},"episode":49999,"reward":3,"_timestamp":1.7412255364767547e+09}